{
    "n01496331_821.JPEG": [
        -264.7510986328125,
        -338.55780029296875,
        -556.759033203125
    ],
    "n01537544_108.JPEG": [
        -126.3125,
        56.35869216918945,
        175.4056396484375
    ],
    "n01443537_450.JPEG": [
        63.27216720581055,
        -721.8359375,
        -386.4404602050781
    ],
    "n01496331_612.JPEG": [
        68.63066101074219,
        216.60914611816406,
        -23.560625076293945
    ],
    "n01496331_800.JPEG": [
        267.1153259277344,
        -9.953845024108887,
        315.06072998046875
    ],
    "n01496331_937.JPEG": [
        76.60286712646484,
        -66.34574127197266,
        -85.93921661376953
    ],
    "n01443537_374.JPEG": [
        81.63009643554688,
        127.19883728027344,
        152.64718627929688
    ],
    "n00007846_6247.JPEG": [
        -190.18173217773438,
        72.1264419555664,
        -20.037511825561523
    ],
    "n01531178_2080.JPEG": [
        -219.36622619628906,
        181.14450073242188,
        10.173310279846191
    ],
    "n01518878_332.JPEG": [
        47.70430374145508,
        7.84333610534668,
        -240.80093383789062
    ],
    "n01443537_339.JPEG": [
        -52.53791809082031,
        -143.81121826171875,
        355.3885192871094
    ],
    "n01537544_132.JPEG": [
        -14.055761337280273,
        -155.8533935546875,
        197.389404296875
    ],
    "n01514668_19.JPEG": [
        -66.54801177978516,
        -1095.7989501953125,
        -332.7411193847656
    ],
    "n01496331_825.JPEG": [
        -14.479085922241211,
        -166.35194396972656,
        -145.30616760253906
    ],
    "n01443537_428.JPEG": [
        -90.9688949584961,
        -364.0860595703125,
        -450.14959716796875
    ],
    "n01537544_85.JPEG": [
        103.41057586669922,
        97.67066955566406,
        47.77815628051758
    ],
    "n01537544_28.JPEG": [
        196.64791870117188,
        -99.6126480102539,
        -19.284053802490234
    ],
    "n01496331_1010.JPEG": [
        -1509.0494384765625,
        -5.396798610687256,
        -1075.6290283203125
    ],
    "n01514668_690.JPEG": [
        64.78459930419922,
        47.4109001159668,
        -136.96432495117188
    ],
    "n01518878_492.JPEG": [
        -137.72805786132812,
        -143.95236206054688,
        91.67884063720703
    ],
    "n01514668_355.JPEG": [
        -77.55809020996094,
        6.822504043579102,
        -253.03506469726562
    ],
    "n01514668_359.JPEG": [
        95.8223648071289,
        -168.52713012695312,
        34.88184356689453
    ],
    "n00007846_18059.JPEG": [
        -16.233253479003906,
        -28.009380340576172,
        -92.86705780029297
    ],
    "n01531178_1869.JPEG": [
        185.11541748046875,
        -63.329017639160156,
        -118.21192932128906
    ],
    "n01518878_694.JPEG": [
        31.156282424926758,
        69.9323501586914,
        -42.84872055053711
    ],
    "n01514668_497.JPEG": [
        -22.407033920288086,
        -35.033939361572266,
        226.13671875
    ],
    "n01537544_90.JPEG": [
        131.5597686767578,
        -172.85556030273438,
        -98.4359359741211
    ],
    "n01518878_582.JPEG": [
        53.146400451660156,
        -79.75787353515625,
        51.21664810180664
    ],
    "n01531178_2177.JPEG": [
        235.64659118652344,
        -15.873584747314453,
        44.16884994506836
    ],
    "n01496331_633.JPEG": [
        -191.36019897460938,
        46.21358871459961,
        -148.6968231201172
    ],
    "n01496331_723.JPEG": [
        -23.795446395874023,
        158.93409729003906,
        -20.166074752807617
    ],
    "n01531178_2087.JPEG": [
        126.76614379882812,
        -0.9000982046127319,
        0.011531718075275421
    ],
    "n00007846_18823.JPEG": [
        -38.07939147949219,
        -55.7144660949707,
        -3.931809186935425
    ],
    "n01531178_2056.JPEG": [
        -49.70304870605469,
        -219.93011474609375,
        -13.974891662597656
    ],
    "n01537544_110.JPEG": [
        172.79220581054688,
        57.41068649291992,
        127.26996612548828
    ],
    "n01514668_286.JPEG": [
        -441.2529602050781,
        181.42628479003906,
        -25.711715698242188
    ],
    "n01514668_631.JPEG": [
        75.12355041503906,
        18.593353271484375,
        236.35906982421875
    ],
    "n00007846_13760.JPEG": [
        -29.290447235107422,
        1.3510806560516357,
        125.2018814086914
    ],
    "n01514668_722.JPEG": [
        -73.33672332763672,
        70.80106353759766,
        -124.07164764404297
    ],
    "n01443537_472.JPEG": [
        120.7466049194336,
        784.6084594726562,
        -102.29661560058594
    ],
    "n01531178_2084.JPEG": [
        226.24371337890625,
        100.96147918701172,
        26.109800338745117
    ],
    "n01514668_728.JPEG": [
        -2.3584115505218506,
        159.5998992919922,
        -130.68125915527344
    ],
    "n01514668_354.JPEG": [
        12.505149841308594,
        -206.47584533691406,
        89.82746124267578
    ],
    "n01518878_681.JPEG": [
        -126.65386199951172,
        162.56103515625,
        -83.90057373046875
    ],
    "n01443537_443.JPEG": [
        -6.6937103271484375,
        180.42828369140625,
        123.1259536743164
    ],
    "n00007846_20132.JPEG": [
        11.409722328186035,
        12.286337852478027,
        40.99747085571289
    ],
    "n01443537_371.JPEG": [
        -131.01605224609375,
        -64.07646942138672,
        224.64125061035156
    ],
    "n00007846_13881.JPEG": [
        -94.20133209228516,
        -42.66450119018555,
        -149.3137969970703
    ],
    "n01496331_687.JPEG": [
        477.6308288574219,
        448.48876953125,
        452.9616394042969
    ],
    "n00007846_13214.JPEG": [
        108.32020568847656,
        -122.87466430664062,
        147.41172790527344
    ],
    "n01531178_1865.JPEG": [
        -123.9259262084961,
        150.65377807617188,
        48.51982879638672
    ],
    "n01531178_2251.JPEG": [
        330.6930847167969,
        -236.48976135253906,
        165.5033416748047
    ],
    "n01537544_140.JPEG": [
        -210.0615692138672,
        65.64665222167969,
        95.89806365966797
    ],
    "n01518878_544.JPEG": [
        -39.22117614746094,
        -108.5813980102539,
        99.06822204589844
    ],
    "n01518878_341.JPEG": [
        -228.49876403808594,
        -60.75180435180664,
        17.166757583618164
    ],
    "n01518878_538.JPEG": [
        -184.57723999023438,
        -48.787086486816406,
        114.97862243652344
    ],
    "n00007846_14602.JPEG": [
        -106.0963363647461,
        2.1908199787139893,
        51.06895065307617
    ],
    "n00007846_13534.JPEG": [
        -119.32877349853516,
        -101.18144989013672,
        -12.251620292663574
    ],
    "n01518878_503.JPEG": [
        -136.39605712890625,
        254.9048309326172,
        93.65438079833984
    ],
    "n01537544_193.JPEG": [
        102.82763671875,
        -15.123225212097168,
        122.55632781982422
    ],
    "n01531178_2100.JPEG": [
        145.4613037109375,
        123.79512023925781,
        -47.83488464355469
    ],
    "n01514668_115.JPEG": [
        -29.103822708129883,
        101.95506286621094,
        -198.322509765625
    ],
    "n00007846_14583.JPEG": [
        -57.48127746582031,
        38.08320236206055,
        -26.861732482910156
    ],
    "n01496331_783.JPEG": [
        -145.62081909179688,
        -5.398841381072998,
        -64.6926498413086
    ],
    "n01443537_354.JPEG": [
        16.473899841308594,
        -147.4062957763672,
        -36.81422424316406
    ],
    "n01531178_1930.JPEG": [
        150.09788513183594,
        -71.44263458251953,
        -212.66441345214844
    ],
    "n01531178_1996.JPEG": [
        -110.78057098388672,
        163.80313110351562,
        185.48104858398438
    ],